{"cameraMode":{"drawMode":0,"name":"Shaded","section":"Shading Mode"},"sceneLighting":true,"audioPlay":false,"sceneViewState":{"m_AlwaysRefresh":false,"showFog":true,"showSkybox":true,"showFlares":true,"showImageEffects":true,"showParticleSystems":true,"showVisualEffectGraphs":true,"m_FxEnabled":true},"in2DMode":false,"pivot":{"x":-0.8123453855514526,"y":-17.131250381469728,"z":60.56756591796875},"rotation":{"x":0.19099542498588563,"y":-0.03649420663714409,"z":0.0071097868494689468,"w":0.980893075466156},"size":40.64442443847656,"orthographic":false}