{"cameraMode":{"drawMode":0,"name":"Shaded","section":"Shading Mode"},"sceneLighting":true,"audioPlay":false,"sceneViewState":{"m_AlwaysRefresh":false,"showFog":true,"showSkybox":true,"showFlares":true,"showImageEffects":true,"showParticleSystems":true,"showVisualEffectGraphs":true,"m_FxEnabled":true},"in2DMode":false,"pivot":{"x":-1.249769687652588,"y":-1.105717658996582,"z":-3.2505855560302736},"rotation":{"x":0.04978850111365318,"y":0.004805253352969885,"z":-0.0002375497278990224,"w":0.9987520575523377},"size":10.531636238098145,"orthographic":false}