{"cameraMode":{"drawMode":0,"name":"Shaded","section":"Shading Mode"},"sceneLighting":false,"audioPlay":false,"sceneViewState":{"m_AlwaysRefresh":false,"showFog":true,"showSkybox":false,"showFlares":true,"showImageEffects":true,"showParticleSystems":true,"showVisualEffectGraphs":true,"m_FxEnabled":true},"in2DMode":false,"pivot":{"x":-0.19762876629829408,"y":13.588033676147461,"z":1.7946672439575196},"rotation":{"x":0.05127977952361107,"y":-0.017364442348480226,"z":0.0008945305598899722,"w":0.9985411763191223},"size":12.383317947387696,"orthographic":false}